Position,Company,Location,URL
프론트엔드 시니어(미들) 개발자의 전체 세부 정보,주식회사 에피소든,서울,https://kr.indeed.com/rc/clk?jk=78bcf02a606d0617&bb=qEYaxRuEGVrGNx6U6sGf9Hsub7H-l4XpIO-sSMmZWCZAaw_rR2GUCDmaHsJFjGwYsO02MoXG0R-Y1AI9gXvhphjivQxyQWJgXw1Wj6QDGeE%3D&xkcb=SoAi67M3G5U4nzRvWJ0IbzkdCdPP&fccid=c198e67989a1d2ad&cmp=%25EC%25A3%25BC%25EC%258B%259D%25ED%259A%258C%25EC%2582%25AC-%25EC%2597%2590%25ED%2594%25BC%25EC%2586%258C%25EB%2593%25A0&ti=%ED%94%84%EB%A1%A0%ED%8A%B8%EC%97%94%EB%93%9C+%EC%8B%9C%EB%8B%88%EC%96%B4%28%EB%AF%B8%EB%93%A4%29+%EA%B0%9C%EB%B0%9C%EC%9E%90&vjs=3
코인 거래소 개발자 / 경력의 전체 세부 정보,빅파크,경기도 부천,https://kr.indeed.com/rc/clk?jk=6223c09494656199&bb=qEYaxRuEGVrGNx6U6sGf9LxSVHXF3zrlwK0O_WctnwjoylyqDHQfQPjw8FDWMOYiWOnosiLQHw4TXW7CcZLI2suZuy6KSBiSzsD9HiPvsiE%3D&xkcb=SoCs67M3G5U4nzRvWJ0PbzkdCdPP&fccid=3e281447a5038ee0&vjs=3
[적극 채용] Staff Front-end Engineer (Rocket Growth Engineering)의 전체 세부 정보,Coupang,서울,https://kr.indeed.com/rc/clk?jk=f974398e3331fdec&bb=qEYaxRuEGVrGNx6U6sGf9HQakq64gVYUMzZ8orlJVGJgoIMf1qtyL0-4iRnJ17c3qP0ltqVi0yu2nTY0THbQtZh-Qo4btXfBV8Qgs3Gd4mk%3D&xkcb=SoAY67M3G5U4nzRvWJ0ObzkdCdPP&fccid=56e12959d04ef145&vjs=3
자바스크립트 개발자의 전체 세부 정보,지코스트,서울 강남구,https://kr.indeed.com/rc/clk?jk=d4403b87a4718902&bb=qEYaxRuEGVrGNx6U6sGf9EWobvPDkPlKzsdnr--X98iwqIFHQyQpk7hEm_UydAaKQFhgwFhzzmQ5cB4RA0JuxhUJsZ0FsB0JgkUq9yTDIzg%3D&xkcb=SoCF67M3G5U4nzRvWJ0NbzkdCdPP&fccid=7a325fd911563a77&vjs=3
[(주)에그버스] 프론트엔드 개발자 채용의 전체 세부 정보,주식회사 에그버스 관심기업,서울 역삼동,https://kr.indeed.com/rc/clk?jk=f0590a1c02a93802&bb=qEYaxRuEGVrGNx6U6sGf9EIfq0ktOwP44VPpvcoVTUz3ZkATPvAYf7eRv_XpIrDRDdkYYvB3HBHNA4TMPwlE0PHH4S50Rqvx7R9GjtD5j3M%3D&xkcb=SoAx67M3G5U4nzRvWJ0MbzkdCdPP&fccid=d0b29aff9cc03a98&vjs=3
Web Frontend Engineer (Hakuna)의 전체 세부 정보,Match Group,서울,https://kr.indeed.com/rc/clk?jk=c79e86de18a84b01&bb=qEYaxRuEGVrGNx6U6sGf9D99Xvcamuw_j10Fdr8DZUtKBfg6Y0WzMDgWgaOGeiiBuCZoEPom1gYLULbHPC7FZEDvy2iJpZrPCmtxEBUSDFQ%3D&xkcb=SoDY67M3G5U4nzRvWJ0DbzkdCdPP&fccid=47feb0effe4ed4f2&vjs=3
Software Engineer (Core Platform)의 전체 세부 정보,Match Group,서울,https://kr.indeed.com/rc/clk?jk=ffacc7de883d13cb&bb=qEYaxRuEGVrGNx6U6sGf9NPTcM0vDijcaKMmojcAAq0XAxSjVdGUYF2FyUChdFXdk9SoXLK6XIGVxUoIMrKQHkZI9b7tizzjLZTlm-lXb38%3D&xkcb=SoBs67M3G5U4nzRvWJ0CbzkdCdPP&fccid=47feb0effe4ed4f2&vjs=3
웹(WEB)개발 경력자의 전체 세부 정보,전북은행,전주 덕진구,https://kr.indeed.com/rc/clk?jk=eee91d7fdc31bdff&bb=qEYaxRuEGVrGNx6U6sGf9PtzNt30Bzklz2FRsuGSjesi2o0NKS9Wid8IUCj34AU0pNXlXQ8VIQGae152M82s8yfsE8nreCyvy_zqvh7jn9Y%3D&xkcb=SoDx67M3G5U4nzRvWJ0BbzkdCdPP&fccid=be0d25c722b33044&vjs=3
친환경 커머스 리워드 플랫폼 웹앱 프론트/백엔드  Dev/ops 개발자 팀원의 전체 세부 정보,리더스 오브 그린 소사이어티,대한민국,https://kr.indeed.com/rc/clk?jk=e80cdcefcbc5488b&bb=qEYaxRuEGVrGNx6U6sGf9DzvEea7nkjXFf9KpLeZefbm8h9VrAsBr3E9BLKesb5dowXncX-fpxNFLiU1l8wpooBjTVBgpm7-KiZ6N6K7D9c%3D&xkcb=SoBF67M3G5U4nzRvWJ0AbzkdCdPP&fccid=1bd6751ae95a1923&vjs=3
Senior Software Engineer (Frontend)의 전체 세부 정보,Presto,서울,https://kr.indeed.com/rc/clk?jk=7aeb0294d9affb3e&bb=qEYaxRuEGVrGNx6U6sGf9J9bbmArRZ6_TkQhwe8aJqL-E9PkoLR55k3cnuXJsCdvL6jjzF67KasA7sQgoQ7l9N2b3F3PDKelEJltPm_Cr7c%3D&xkcb=SoDL67M3G5U4nzRvWJ0HbzkdCdPP&fccid=37b31c805f66f58e&vjs=3
